{
	"rows": [{
		"title": "Category 1",
		"items": [{
				"title": "fail (2005)",
				"id": 77,
				"EpisodeNumber": "Part 1",
				"NumEpisodes": 1,
				"shortdescriptionline1": "fail (2005)",
				"Categories": "Category 1",
				"Album": "1Hrs 26Mins",
				"HDPosterUrl": "pkg:/images/fail.png",
				"ReleaseDate": "2005",
				"description": "Des 1",
				"urllink": "",
				"url": "https://bitdash-a.akamaihd.net/content/sintel/hls/playlist.m3u8",
				"streamformat": "m3u8",
				"items": [{
						"title": "fail (2005)",
						"id": 77,
						"EpisodeNumber": "Part 1",
						"NumEpisodes": 1,
						"shortdescriptionline1": "fail (2005)",
						"Categories": "Category 1",
						"Album": "1Hrs 26Mins",
						"HDPosterUrl": "pkg:/images/fail.png",
						"ReleaseDate": "2005",
						"description": "Des 1",
						"urllink": "",
						"url": "https://bitdash-a.akamaihd.net/content/sintel/hls/playlist.m3u8",
						"streamformat": "m3u8"
					},
					{
						"title": "fail (2005)",
						"id": 62,
						"EpisodeNumber": "Part 2",
						"NumEpisodes": 2,
						"shortdescriptionline1": "fail (2005)",
						"Categories": "Category 1",
						"Album": "1Hrs 26Mins",
						"HDPosterUrl": "pkg:/images/fail.png",
						"ReleaseDate": "2005",
						"description": "Des 1",
						"urllink": "",
						"url": "https://bitdash-a.akamaihd.net/content/sintel/hls/playlist.m3u8",
						"streamformat": "m3u8"
					}
				]
			},
			{
				"title": "fail (1998)",
				"id": 75,
				"EpisodeNumber": "1",
				"NumEpisodes": 0,
				"shortdescriptionline1": "fail (1998)",
				"Categories": "Category 1",
				"Album": "1Hrs 17Mins",
				"HDPosterUrl": "pkg:/images/fail.png",
				"ReleaseDate": "2001",
				"description": "Des 1",
				"urllink": "",
				"url": "https://bitdash-a.akamaihd.net/content/sintel/hls/playlist.m3u8",
				"streamformat": "m3u8"
			},
			{
				"title": "fail",
				"id": 83,
				"EpisodeNumber": "1",
				"NumEpisodes": 0,
				"shortdescriptionline1": "fail",
				"Categories": "Category 1",
				"Album": "1Hrs 31Mins",
				"HDPosterUrl": "pkg:/images/fail.png",
				"ReleaseDate": "1988",
				"description": "Des 1",
				"urllink": "",
				"url": "https://bitdash-a.akamaihd.net/content/sintel/hls/playlist.m3u8",
				"streamformat": "m3u8"
			},
			{
				"title": "fail (2005)",
				"id": 63,
				"EpisodeNumber": "Part 1",
				"NumEpisodes": 1,
				"shortdescriptionline1": "fail (2005)",
				"Categories": "Category 1",
				"Album": "1Hrs 25Mins",
				"HDPosterUrl": "pkg:/images/fail.png",
				"ReleaseDate": "2005",
				"description": "Des 1",
				"url": "https://bitdash-a.akamaihd.net/content/sintel/hls/playlist.m3u8",
				"streamformat": "m3u8",
				"items": [{
						"title": "fail (2005)",
						"id": 63,
						"EpisodeNumber": "Part 1",
						"NumEpisodes": 1,
						"shortdescriptionline1": "fail (2005)",
						"Categories": "Category 1",
						"Album": "1Hrs 25Mins",
						"HDPosterUrl": "pkg:/images/fail.png",
						"ReleaseDate": "2005",
						"description": "Des 1",
						"urllink": "",
						"url": "https://bitdash-a.akamaihd.net/content/sintel/hls/playlist.m3u8",
						"streamformat": "m3u8"
					},
					{
						"title": "fail (2005)",
						"id": 64,
						"EpisodeNumber": "Part 2",
						"NumEpisodes": 2,
						"shortdescriptionline1": "fail (2005)",
						"Categories": "Category 1",
						"Album": "1Hrs 20Mins",
						"HDPosterUrl": "pkg:/images/fail.png",
						"ReleaseDate": "2005",
						"description": "Des 1",
						"urllink": "",
						"url": "https://bitdash-a.akamaihd.net/content/sintel/hls/playlist.m3u8",
						"streamformat": "m3u8"
					},
					{
						"title": "fail (2005)",
						"id": 65,
						"EpisodeNumber": "Part 3",
						"NumEpisodes": 3,
						"shortdescriptionline1": "fail (2005)",
						"Categories": "Category 1",
						"Album": "1Hrs 20Mins",
						"HDPosterUrl": "pkg:/images/fail.png",
						"ReleaseDate": "2005",
						"description": "Des 1",
						"urllink": "",
						"url": "https://bitdash-a.akamaihd.net/content/sintel/hls/playlist.m3u8",
						"streamformat": "m3u8"
					}
				]
			}
		]
	}]
}