<?xml version="1.0" encoding="UTF-8"?>
<!-- Copyright (c) 2020 Roku, Inc. All rights reserved. -->
<component name="CustomZoomRowList" extends="Group">
	<script type="text/brightscript" uri="CustomZoomRowList.brs" />
    <script type="text/brightscript" uri="MoviesDetailsView.brs" />
    <script type="text/brightscript" uri="EpisodeDetailsView.brs" />
	<interface>
		<field id="rowItemFocused" type="vector2d" alwaysNotify="true"
			alias="contentGrid.rowItemFocused" />
		<field id="jumpToRowItem" type="vector2d" alwaysNotify="true"
			alias="contentGrid.jumpToRowItem" />
		<field id="content" type="node" />
		<field id="contentManagerType" type="string" value="grid" />
		<field id="saveState" type="boolean" value="false" />
		<field id="wasShown" type="boolean" value="false" />
		<field id="wasClosed" type="boolean" value="false" />
	</interface>

	<children>
		<Rectangle width="1920" height="1080" color="0x0d1427"
			translation="[0,0]">
 			 
			<ZoomRowList id="contentGrid" focusBitmapUri="pkg:/images/Focus1.png" spacingAfterRowItem = "[5,5]"/>
		</Rectangle>
	</children>
</component>
