<?xml version="1.0" encoding="UTF-8" ?>
<!-- Copyright (c) 2020 Roku, Inc. All rights reserved. -->
<component name="MainScene" extends="BaseScene">
    <script type="text/brightscript" uri="MainScene.brs" />
    <script type="text/brightscript" uri="MoviesDetailsView.brs" />
    <script type="text/brightscript" uri="EpisodeDetailsView.brs" />
    <interface>
    	 <field id="rowItemFocused" type="vector2d" alwaysNotify="true" />
    	 <field id="jumpToRowItem" type="vector2d" alwaysNotify="true" />
        <field id="content" type="node" />
    </interface>
    <children>
        	<Video id="Category_video_node_ID" height="720" width="1280" translation="[0,0]" visible = "false"/>
    </children>
</component>
